slang,formal
gak,tidak
ga,tidak
ngga,tidak
nggak,tidak
nda,tidak
ndak,tidak
enggak,tidak
kagak,tidak
gk,tidak
tdk,tidak
gag,tidak
ndk,tidak
ngk,tidak
tak,tidak
ta,tidak
yg,yang
bgt,banget
bngt,banget
tp,tapi
tpi,tapi
ttpi,tapi
krn,karena
karna,karena
krna,karena
kerna,karena
kerjsama,kerjasama
udah,sudah
udh,sudah
sdh,sudah
blm,belum
blum,belum
emg,memang
emang,memang
mmg,memang
byk,banyak
bnyk,banyak
bnyak,banyak
sgt,sangat
lgsg,langsung
lgs,langsung
lngsng,langsung
lngsg,langsung
jd,jadi
jdi,jadi
lg,lagi
lgi,lagi
msh,masih
hrs,harus
msti,harus
sm,sama
sma,sama
dr,dari
pd,pada
dgn,dengan
dngan,dengan
dngn,dengan
utk,untuk
tuk,untuk
bila,apabila
klo,kalau
klu,kalau
klw,kalau
kl,kalau
kalu,kalau
jg,juga
bs,bisa
bsa,bisa
sprt,seperti
kyk,seperti
kayak,seperti
bkn,bukan
dtg,datang
dtng,datang
cb,coba
nyoba,coba
tmn,teman
tmen,teman
saemua,semua
smua,semua
smw,semua
sja,saja
sj,saja
doang,saja
doank,saja
aja,saja
lbh,lebih
lbih,lebih
dlm,dalam
jgn,jangan
ktemu,ketemu
kluar,keluar
blg,bilang
bls,balas
dna,dan
uat,buat
pdhl,padahal
sdkt,sedikit
sdikit,sedikit
gitu,begitu
bgtu,begitu
gini,begini
cuma,cuman
mksh,makasih
makasih,makasih
makasi,makasih
terimakasih,makasih
trima kasih,makasih
trimakasih,makasih
thank,makasih
mksih,makasih
mksi,makasih
mkasih,makasih
thx,makasih
thanks,makasih
ty,makasih
tq,makasih
mantul,mantap betul
mantal,mantap
mantep,mantap
mantabs,mantap
mantab,mantap
mantapp,mantap
mntap,mantap
mntapp,mantap
mntp,mantap
matap,mantap
maknyus,enak
maknyos,enak
makyus,enak
maknyuus,enak
endeus,enak
endus,enak
nampol,enak
nagih,enak
pol,enak
yummy,enak
nyam,enak
nyummy,enak
wuenak,enak
wenak,enak
enakk,enak
enaak,enak
enak2,enak
enaknya,enak
lezat,enak
lezatnya,enak
sedap,enak
nikmat,enak
nikmatnya,enak
enk,enak
enaq,enak
enq,enak
delicious,enak
jos,bagus
joss,bagus
josss,bagus
good,bagus
guuuud,bagus
great,bagus
nice,bagus
niceee, bagus
top,bagus
bgus,bagus
bgs,bagus
keren,bagus
kerenn,bagus
ajib,bagus
sick,bagus
gacor,bagus
bad,buruk
parah,buruk
payah,buruk
hancur,buruk
worst,terburuk
jlek,jelek
zonk,kecewa
nyesel,kecewa
kapok,kecewa
nyesal,kecewa
menyesal,kecewa
kecewakan,kecewa
mengecewakan,kecewa
puass,puas
puasss,puas
rame,ramai
fresh,segar
seger,segar
best,terbaik
overrated,berlebihan
lebay,berlebihan
ok,oke
okay,oke
oky,oke
recomend,rekomendasi
recommended,rekomendasi
recomended,rekomendasi
recommend,rekomendasi
rekomen,rekomendasi
recomendeee,rekomendasi
rekomend,rekomendasi
rekomended,rekomendasi
rekomendid,rekomendasi
rekomendet,rekomendasi
recomed,rekomendasi
rekomedd,rekomendasi
rekomeded,rekomendasi
worth,sepadan
worth it,sepadan
worthit,sepadan
worthed,sepadan
whort,sepadan
wortip,sepadan
dateng,datang
nunggu,menunggu
menunggu,tunggu
lamaa,lama
lamaaa,lama
meski,meskipun
pesen,pesan
mesen,pesan
booking,pesan
pesenan,pesanan
byr,bayar
dapet,dapat
dpt,dapat
cobain,coba
nyobain,coba
nongki,nongkrong
bukber,buka bersama
servis,pelayanan
service,pelayanan
plynn,pelayanan
plyan,pelayan
layannya,pelayanan
pelayananx,pelayanan
pelayananya,pelayanan
playanan,pelayanan
pelayanam,pelayanan
pnyambutan,penyambutan
waiters,pelayan
waiter,pelayan
pelyan,pelayan
waiterd,pelayan
waitress,pelayan
waitres,pelayan
fest,cepat
fast,cepat
pluan,pelayan
rmah,ramah
jutekk,jutek
judes,jutek
lmbt,lambat
lelet,lambat
lemot,lambat
pelan,lambat
cpat,cepat
cpt,cepat
cepan,cepat
gercep,cepat
grecep,cepat
gesit,cepat
garcep,cepat
sigap,cepat
satset,sigap
cekatan,sigap
mknn,makanan
mkanan,makanan
makananya,makanan
makanannnya,makanan
makanaua,makanan
makannaua,makanan
menunya,menu
mnunya,menu
prsi,porsi
porsinya,porsi
rasanya,rasa
bauk,bau
anyir,amis
tawar,hambar
mhal,mahal
kemahalan,mahal
pricey,mahal
overprice,mahal
mrah,murah
murce,murah
murmer,murah
trjngkau,terjangkau
affordable,murah
hrg,harga
hrga,harga
harganya,harga
tmpt,tempat
tempatnya,tempat
tmpat,tempat
tmptnya,tempatnya
t4,tempat
tmph, tempat
jorok,kotor
nyman,nyaman
betah,nyaman
comfy,nyaman
cozy,nyaman
sesak,sempit
mepet,sempit
prk,parkir
adem,sejuk
vibes,suasana
ambience,suasana
susana,suasana
suana,suasana
susananya,suasana
estetik,indah
aesthetic,indah
aestetik,indah
org,orang
klrg,keluarga
klg,keluarga
kluarga,keluarga
klurga,keluarga
keluerga,keluarga
kleurga,keluarga
bareng,bersama
brg,bersama
kmpul,kumpul
karywan,karyawan
kwalitas,kualitas
kualotas,kualitas
kwalitaa,kualitas
gasebo,gazebo
gasebox,gazebo
skrg,sekarang
td,tadi
kmrn,kemarin
ntar,nanti
entar,nanti
trs,terus
trus,terus
stlh,setelah
sblm,sebelum
sblmnya, sebelumnya
helpful,membantu
helpfull,membantu
miskom,miskomunikasi
ludes,habis
ribet,repot
becus,kompeten
tawwa,betul
mentong,memang
wkwk,haha
wkwkwk,haha
wkwkwkwk,haha
wkwkwkwkwk,haha
haha,haha
hehe,haha
hihi,haha
xixi,haha
kwkwkw,haha
amazing,luar biasa
awesome,luar biasa
excellent,luar biasa
perfect,sempurna
love,suka
lovely,indah
friendly,ramah
clean,bersih
dirty,kotor
spacious,luas
tasty,enak
crispy,renyah
crunchy,renyah
tender,empuk
soft,lembut
warm,hangat
cold,dingin
savory,gurih
sweet,manis
salty,asin
sour,asam
spicy,pedas
bland,hambar
chewy,kenyal
creamy,lembut
terrible,buruk
horrible,buruk
awful,buruk
disappointing,kecewa
disappointed,kecewa
rude,kasar
noisy,berisik
slow,lambat
fast,cepat
crowded,ramai
quiet,sepi
full,penuh
satisfied,puas
satisfaction,puas
order,pesan
delivery,antar
takeaway,bawa pulang
takeout,bawa pulang
queue,antrian
family,keluarga
open,buka
closed,tutup
improve,baik
meting,pertemuan
meeting,pertemuan
adminnya, admin
sy,saya
jga,juga
ikanya,ikan
makananx,makanan
tnya,tanya
memuaskan,puas
pengunjung,kunjung
ditawawrkan,ditawarkan
ditambh,ditambah
ditolerin,ditoleransi
dkt,dekat
skali,sekali
cht,chat
kk,kakak
palagi,apalagi
tambh,tambah
gaes,guys
gays,guys
wtwrs,pelayan
servicenya,pelayanan
trimksih,makasih
terimah kasih,makasih
mo,mau
staff,staf
serves,pelayanan
drih,dari
ddk,duduk
plnyanan,pelayanan
ayakm,ayam
kayanan,pelayanan
rapt,rapat
makanann,makanan
enaakk,enak
enakkk,enak
worth itt,sepadan
rame2,ramai
sound,suara
request,permintaan
wc,toilet
anak2,anak-anak
pelngganya,pelanggannya
endol,enak
surendol,enak
disc,diskon
healing,relaksasi
ad,ada
thank you,terima kasih
fair price,harga sesuai
lampux,lampu
prgawai,karyawan
baguss,bagus
tks,terima kasih
kluaraga,keluarga
trutama,terutama
worthed,sepadan
mines,minus
suasanya,suasana
plyanannya,pelayanan
maknan,makanan
untk,untuk
krena,karena
mnunggu,menunggu
bbrpa,beberapa
bnget,banget
bnaget,banget
memuaskn,puas
ikn,ikan
pnbhan,penambahan
nasgor,nasi goreng
coba2,coba
acara2,acara
b aja,biasa saja
hambel,ramah
pake,pakai
parkiran,parkir
rban,ribuan
discount,diskon
refreshing,menyegarkan
but,tapi
services,pelayanan
book,pesan
seafood,makanan laut
humble,rendah hati
view,pemandangan
crew,kru
nma,nama
nm,nama
namax,nama
overal,keseluruhan
sngat,sangat
waitressnya,pelayan
pelayanx,pelayan
makanx,makanan
makanax,makanan
tempatx,tempat
sperti,seperti
hyaman,nyaman
kadi,jadi
tenpatnya,tempat
palayananya,pelayanan
enan,enak
reccomwnded,rekomendasi
rekomeded,rekomendasi
pelaayana,pelayanan
pelayaman,pelayanan
laennya,lain
meunggu,menunggu
maknannya,makanan
sercice,pelayanan
semuax,semua
cmn,cuma
qt,kita
skli,sekali
mw,mau
unk,untuk
ntuk,untuk
bw,bawa
lm,lama
brsama,bersama
castamer,pelanggan
rapat2,rapat
pedes,pedas
bestie,sahabat
nanya,tanya
nambah,tambah
bkin,membuat
pokox,pokoknya
pokokx,pokoknya
mutuh,mutu
enak2,enak
massapodda,sangat
overall,keseluruhan
family friendly,ramah keluarga
vibesnya,suasana
btw,omong-omong
serve,melayani
fast respon,respons cepat
fastrespon,respons cepat
team,tim
toddler,balita
outdoor,luar ruangan
wa,WhatsApp
good job,kerja bagus
banged,banget
alpokat,alpukat
terlaksnkn,terlaksana
pelaynan,pelayanan
rekomndasi,rekomendasi
bershbat,bersahabat
makananan,makanan
servisnya,pelayanan
layannan,pelayanan
mwnu,menu
hb,hanya
kwalitaa,kualitas
beesaing,bersaing
terllau,terlalu
smakin,semakin
rekomendedd,rekomendasi
viewnya,pemandangan
memuaska,puas
tmptnya,tempat
bnyak,banyak
hr,hari
wt,pelayan
pst,pasti
pkoknya,pokoknya
trm kasih,makasih
infokn,informasikan
gulmer,gula merah
waittres,pelayan
thnks,makasih
work it,sepadan
wort it,sepadan
makan2,makan
kalo,kalau
markotop,terbaik
muantap,mantap
emak2,ibu-ibu
ngehandle,menangani
orgx,orang
fav,favorit
toiletx,toilet
parkiranc,parkir
order,pesan
hospitality,keramahan
price,harga
pricenya,harga
soft spoken,lembut
happy,senang
dinner,makan malam
expectasi,ekspektasi
excelence,keunggulan
omg,astaga
ppl,orang
Over all,keseluruhan
kayawan,karyawan
sdah,sudah
bru,baru
susananya,suasana
suasannya,suasana
tenyata,ternyata
lumyan,lumayan
layannya,pelayanan
mantao,mantap
pelayananny,pelayanan
mendukunh,mendukung
smpah,sampah
trmksih,makasih
blang,bilang
rasax,rasa
mkannya,makanan
trbaik,terbaik
sepuring,sepiring
kmbali,kembali
jgan,jangan
byar,bayar
sya,saya
dsini,di sini
mlm,malam
spya,supaya
smpai,sampai
smpe,sampai
mkan,makan
bxk,banyak
apalg,apalagi
sngt,sangat
ksna,ke sana
sreg,cocok
iseng2,iseng
tuh,itu
cuek,tidak peduli
tabe,maaf
gara2,gara-gara
mending,lebih baik
nendang,berasa
remang2,remang
menu2,menu
sifut,makanan laut
nuggu,menunggu
pencet,tekan
teman2,teman
mrh2,marah
bngat,banget
lombok,cabe
komplain,keluhan
rapih,rapi
smootise,minuman
manggo,mangga
soldout,habis
cas,biaya
unexpectedly,tidak terduga
customer,pelanggan
main point,poin utama
proper,layak
so far so good,sejauh ini bagus
ready,siap
share,berbagi
briefing,rapat
event,acara
slow respon,lambat
follow up,tindak lanjut
training,pelatihan
owner,pemilik
not bad,lumayan
tdmpatnya,tempat
pelayanananya,pelayanan
pelayanax,pelayan
pelayanam,pelayanan
suasanax,suasana
cabanv,cabang
sevicenya,pelayanan
pelyanan,pelayanan
pelynan,pelayanan
suananya,suasana
smeoga,semoga
mksihh,makasih
sngat,sangat
popoknya,pokoknya
wuarbiassa,luar biasa
pelayananax,pelayanan
roomx,ruangan
porsix,porsi
teamx,tim
waitersx,pelayan
manisx,manis
spy,supaya
mkn,makan
sna,sana
tiba2,tiba-tiba
nyamperin,mendatangi
mubassir,mubazir
nongki2,nongkrong
just,jus
poll,enak
nguras,menguras
family time,waktu keluarga
sni,sini
next,selanjutnya
with,dengan
whort it,sepadan
&,dan
dessert,makanan penutup
deasert,makanan penutup
next time,lain kali
seerti,seperti
alfokat,alpukat
makananny,makanan
pelayanny,pelayanan
rekomendi,rekomendasi
lesahan,lesehan
tmpatnya,tempat
recomeded,rekomendasi
aplagi,apalagi
pelayananan,pelayanan
temptx,tempat
maknnx,makanan
dulanh,duluan
padhal,padahal
sabgat,sangat
rocomended,rekomendasi
wakeend,akhir pekan
tengkyuu,makasih
requesan,permintaan
sx,sekali
liat,lihat
nnti,nanti
slalu,selalu
leadr,pemimpin
ngajak,mengajak
laper,lapar
bgd,banget
kek,seperti
super duper,sangat
nih,ini
nihh,ini
sat set,sigap
ngedate,kencan
stiap,setiap
and,dan
maybe,mungkin
quality time,waktu berkualitas
excellent,prima
weekend,akhir pekan
list,daftar
nunggun,menunggu
yummi,enak
mendulung,mendukung
sesuau,sesuai
colom,kolam
misic,musik
bersij,bersih
nyantai,santai
pokoke,pokoknya
kzl,kesal
meetup,pertemuan
welcome,selamat datang
so-so,biasa saja
kiddos,anak-anak
gengs,teman-teman
corporate,perusahaan
elegant,elegan
live music,musik langsung
hijenis,higienis
mantaf,mantap
tenpat,tempat
ojol,ojek online
lowbat,baterai lemah
snack,makanan ringan
gathering,pertemuan
indoor,di dalam ruangan
homey,nyaman
cuy,bro
seret,lambat
topmarkotop,terbaik
lezzaatooo,lezat
bestt,best
bangett,banget
bangeet,banget
sangatt,sangat
baikk,baik
ramahh,ramah
cepatt,cepat
ademm,adem
standart,standar
fressh,fresh
kelurga,keluarga
cepet,cepat
jt,juta
dng,dengan
dg,dengan
rb,ribu
dn,dan
dri,dari
ats,atas
mb,mbak
tx,terima kasih
ckup,cukup
ttp,tetap
gtu,begitu
smoga,semoga
apalgi,apalagi
orgnya,orangnya
mkanannya,makanannya
management,manajemen
managernya,manajernya
favorite,favorit
standard,standar
abis,habis
ahrus,harus
ampe,sampai
nyampe,sampai
asem,asam
asik,asyik
asiek,asyik
baek,baik
bamget,banget
bangat,banget
bangetz,banget
buanget,banget
cobah,coba
cobe,coba
datag,datang
dtang,datang
deket,dekat
dikit,sedikit
ehehe,haha
hehehe,haha
hihihi,haha
enaka,enak
uenak,enak
engak,tidak
ngak,tidak
excelent,luar biasa
exelent,luar biasa
gangu,mengganggu
mengangu,mengganggu
gatau,tidak tahu
gede,besar
gimana,bagaimana
godjob,kerja bagus
goid,bagus
gud,bagus
gt,begitu
hapy,senang
higyenis,higienis
jngan,jangan
kesel,kesal
kwalita,kualitas
lagy,lagi
lambt,lambat
langanan,pelanggan
langgan,pelanggan
lezato,lezat
luama,lama
lumanyan,lumayan
malem,malam
males,malas
malaska,malas
mamntap,mantap
mantablah,mantap
mantanp,mantap
mantaps,mantap
manyus,enak
maknyuz,enak
mengunakan,menggunakan
merespond,merespons
mkasi,makasih
maksih,makasih
naek,naik
nungu,menunggu
nugu,menunggu
tungu,menunggu
mnungu,menunggu
meungu,menunggu
nungunya,menunggu
nunguin,menunggu
nungun,menunggu
nyamam,nyaman
nyamn,nyaman
ocey,oke
okey,oke
pegi,pergi
psti,pasti
puanas,panas
recom,rekomendasi
recomandasi,rekomendasi
recomded,rekomendasi
recomendasi,rekomendasi
recomende,rekomendasi
recomendid,rekomendasi
recomwnded,rekomendasi
rekomendasin,rekomendasi
remomendit,rekomendasi
sanagat,sangat
sanat,sangat
sangan,sangat
sangatsangat,sangat
sangt,sangat
sngant,sangat
sehinga,sehingga
telor,telur
temen,teman
tengkyu,makasih
thankyu,makasih
thsnks,makasih
terimakasi,makasih
terimasih,makasih
terimkasih,makasih
trimah,makasih
teima,makasih
yerimakaskh,makasih
trakhir,terakhir
trlu,terlalu
trmh,ramah
brsm,bersama
pedis,pedas
afordable,terjangkau
brp,berapa
brapa,berapa
brpa,berapa
ckp,cukup
hrgnya,harga
hrgx,harga
jl,jalan
jln,jalan
lsg,langsung
mgkin,mungkin
mrh,marah
msih,masih
nti,nanti
sktr,sekitar
wkt,waktu
tgl,tanggal
atmosphere,suasana
birthday,ulang tahun
budget,anggaran
cancel,batalkan
cash,tunai
chef,koki
diner,makan malam
desert,makanan penutup
eat,makan
gatherings,pertemuan
honest,jujur
ice,es
juice,jus
large,besar
last,terakhir
live,langsung
lunch,makan siang
manager,manajer
marketing,pemasaran
music,musik
musicnya,musik
only,hanya
place,tempat
quality,kualitas
restaurant,restoran
size,ukuran
space,ruang
special,spesial
star,bintang
strong,kuat
surprise,kejutan
table,meja
taste,rasa
try,coba
aistetic,estetik
stetik,estetik
akn,akan
ank,anak
aplgi,apalagi
aqyu,aku
atitude,sikap
bagis,bagus
bague,bagus
banyk,banyak
bauh,bau
bayarb,bayar
boking,pesan
breng,bersama
capek,lelah
datengnya,datang
dengn,dengan
depanx,depan
egawainya,pegawainya
excelentnya,luar biasa
fod,makanan
fre,gratis
ful,penuh
gampang,mudah
ganteng,tampan
hargany,harga
hinga,hingga
indor,di dalam ruangan
outdor,luar ruangan
outdornya,luar ruangan
jyga,juga
kirain,kira
klau,kalau
ksh,kasih
ksi,kasih
ksih,kasih
kurg,kurang
kurleb,kurang lebih
laenya,lainnya
manga,mangga
manganya,mangganya
mango,mangga
mangil,panggil
manfatkan,manfaatkan
mbk,mbak
menegerx,manajer
mengkordinir,mengkoordinir
mengugah,menggugah
meningal,meninggal
meningalkan,meninggalkan
menux,menu
menyenagkan,menyenangkan
menyenangakn,menyenangkan
merespon,merespons
metingnya,pertemuan
metup,pertemuan
mingu,minggu
mkanana,makanan
mkananya,makanan
mknan,makanan
mknanx,makanan
mknanya,makanan
mnjadikan,menjadikan
naikin,naik
nyamnyam,enak
overated,berlebihan
pangil,panggil
pangang,panggang
parkit,parkir
pasty,pasti
pedesnya,pedasnya
perkotan,perkotaan
permintan,permintaan
pingir,pinggir
pisahkn,pisahkan
prfect,sempurna
pricy,mahal
prnh,pernah
rebersi,reservasi
resrvsi,reservasi
recomanded,rekomendasi
seafod,makanan laut
seafodnya,makanan laut
serti,seperti
singah,singgah
smbel,sambal
smga,semoga
smothie,minuman
smothis,minuman
smotise,minuman
smotisenya,minuman
sodara,saudara
soun,suara
spt,seperti
sunguh,sungguh
tdak,tidak
terbaiq,terbaik
tergangu,terganggu
tetanga,tetangga
tingal,tinggal
tingi,tinggi
tmabahan,tambahan
tmpanya,tempatnya
todler,balita
trima,makasih
trimaksih,makasih
trims,makasih
trm,makasih
wakend,akhir pekan
wekend,akhir pekan
waktuk,waktu
waters,pelayan
weaters,pelayan
weiters,pelayan
whoters,pelayan
witers,pelayan
witersnya,pelayan
wters,pelayan
weding,pernikahan
wuarbiasa,luar biasa
yumi,enak
ayem,nyaman
baby,bayi
costumer,pelanggan
custmernya,pelanggan
custumer,pelanggan
highly,sangat
name,nama
whatsap,whatsapp
angota,anggota
antrianya,antrian
bersihakan,bersihkan
besaing,bersaing
catatanya,catatan
dekta,dekat
diangap,dianggap
dibawakn,dibawakan
dicantumksn,dicantumkan
dinfokan,diinformasikan
dipangil,dipanggil
dipingir,pinggir
direkomenadsikan,direkomendasikan
disugukan,disuguhkan
dluan,duluan
dorekomendasikan,direkomendasikan
dsediakn,disediakan
hanaya,hanya
hidanganya,hidangan
hindanganya,hidangan
karyawanya,karyawan
kebersihanya,kebersihan
kekeluargan,kekeluargaan
keliahatan,kelihatan
kelihatanya,kelihatan
kekuranganya,kekurangan
kemerdekan,kemerdekaan
keramahanya,keramahan
kemntrian,kementerian
keryawan,karyawan
kesanya,kesan
kesempurnan,kesempurnaan
kesimpulanya,kesimpulan
kordinasi,koordinasi
kotoranya,kotoran
lingkunganya,lingkungan
mangkok,mangkuk
manajemenya,manajemen
menjelaskanya,menjelaskan
menuc,menu
menyampaikanya,menyampaikan
minumanya,minuman
nampanya,tampak
okok,rokok
paketanya,paket
pangilan,panggilan
pekerjan,pekerjaan
pelaksanan,pelaksanaan
pelanganan,pelanggan
pelanganya,pelanggan
pemandaganya,pemandangan
pemandanganya,pemandangan
pembelanjan,pembelanjaan
peneranganya,penerangan
penghawan,penghawaan
penyajianya,penyajian
perempuanya,perempuan
pertanyan,pertanyaan
pilihanya,pilihan
ramh,ramah
rombongn,rombongan
ruanganya,ruangan
sajianya,sajian
seranga,serangga
smuanya,semua
tagan,tangan
tamanya,taman
tanganys,tangan
toge,tauge
tujuanya,tujuan
ukuranya,ukuran
temapat,tempat
temlatny,tempat
tempatmya,tempat
tempatntya,tempat
tempaynya,tempat
temptanya,tempat
temptnya,tempat
tempt,tempat
oelsyananx,pelayanan
pelanyanan,pelayanan
pelanyangnya,pelayanan
pelatanan,pelayanan
pelayana,pelayanan
pelayanananx,pelayanan
pelayanankak,pelayanan
pelayanany,pelayanan
pelayananyanya,pelayanan
pelayany,pelayanan
pelayanya,pelayanan
peleyanan,pelayanan
pelnganya,pelayanan
pelyananynya,pelayanan
pelyanax,pelayanan
playanany,pelayanan
plelayanan,pelayanan
plyananx,pelayanan
plyananya,pelayanan
plyn,pelayanan
layanya,layanan
layanai,layanan
makana,makanan
makanana,makanan
makanany,makanan
makanaya,makanan
makanyq,makanan
makax,makanan
makn,makanan
maknx,makanan
manakanya,makanan
suasan,suasana
suasanan,suasana
suasanx,suasana
suasanyanya,suasana
susanax,suasana
susanya,suasana
susasanya,suasana
mushala,musala
mushalah,musala
mushola,musala
musholah,musala
musola,musala
musalahnya,musala
musalahx,musala
musholahnya,musala
musholanya,musala
musolahx,musala
anter,antar
anterin,antar
bandingin,banding
berishin,bersihkan
dijabanin,dijawab
dijagain,dijaga
diliatin,dilihat
elo,kamu
kasik,kasih
kasi,kasih
kemaren,kemarin
koq,kok
maf,maaf
mesan,memesan
ngambil,ambil
ngasih,kasih
ngebersihin,membersihkan
ngebersihinya,membersihkan
ngefotonya,foto
ngeliat,melihat
ngeliatin,melihat
ngerokok,merokok
ngumpul,berkumpul
nunguinya,menunggu
nyebrang,seberang
nyengat,menyengat
nyita,menyita
ramean,ramai
ramenya,ramai
samperin,hampiri
tau,tahu
tauw,tahu
tanyain,tanya
tempelin,tempel
tolongin,tolong
acnya,ac
adinx,adik
alpukatx,alpukat
anginx,angin
asamx,asam
asinx,asin
ayamx,ayam
bantuanx,bantuan
bebekx,bebek
chocolatex,cokelat
ikanx,ikan
khususx,khusus
layananx,layanan
masakanx,masakan
nampanx,nampan
orangx,orang
parkirx,parkir
pegawaix,pegawai
perawatx,perawat
reservasix,reservasi
sambelx,sambel
adaji,ada
besarki,besar
biasaji,biasa
datangki,datang
disuruhki,disuruh
janganki,jangan
kerenki,keren
nyamangi,nyaman
puaski,puas
standarji,standar
sukseski,sukses
suamik,suami
bgusnya,bagus
cm,cuma
donk,dong
dpn,depan
jm,jam
kna,kena
mnrtku,menurut
tl,terlalu
tmenya,teman
colokanya,colokan
gasebonya,gazebo
itusih,itu
kegazebo,gazebo
lengkapndgn,lengkap
sejukpelayananya,sejuk
solusinyang,solusi
tempatmenyenangkan,menyenangkan
yangblumayan,lumayan
ygcocok,cocok
adminya,admin
alpokatnya,alpukat
alpukatnya,alpukat
ambiencenya,ambiens
anginya,angin
asemnya,asam
baladonya,balado
citarasanya,citarasa
cuminya,cumi
gazebonya,gazebo
ijonya,ijo
kavlingnya,kavling
layananya,layanan
masakanya,masakan
originalnya,original
palumaramnya,palumara
palumaranya,palumara
parkiranya,parkir
pengaturanya,pengaturan
platernya,piring
prasmananya,prasmanan
promonya,promo
responya,respons
restonya,resto
restoranya,restoran
reviewnya,review
sambelnya,sambel
spesialiasinya,spesialisasi
teamnya,tim
topingnya,toping
vipnya,vip
wokunya,woku
balek,balik
covok,cowok
depab,depan
dugan,dugaan
hospitalia,hospitalitas
hospitalitynya,hospitalitas
iconik,ikonik
informa,informasi
jamuanya,jamuan
kanya,kata
mara,marah
masukanya,masukan
saos,saus
suasa,suasana
sukan,suka
tenamg,tenang
tengtang,tentang
unjung,ujung
ditunguin,ditunggu
nyamper,hampiri
dkasi,kasih
dksh,kasih
dl,dulu
dlidah,lidah
